Trip,SA_Best,SA_Avg,SA_Std,SA_Time(s),SA_Viol,ACO_Best,ACO_Avg,ACO_Std,ACO_Time(s),ACO_Viol,GA_Best,GA_Avg,GA_Std,GA_Time(s),GA_Viol,LBA_Best,LBA_Avg,LBA_Std,LBA_Time(s),LBA_Viol
Trip 1,76.10859999999998,89.26113000000001,10.76159565483205,0.016585159301757812,0,28.0097,29.230120000000007,0.6291246884362434,12.170772814750672,0,41.09289999999999,45.40906,3.76096433410369,0.8633699178695678,0,41.14259999999999,51.29574,7.478997832624367,1.4601255416870118,0
Trip 2,54.7718,66.32527999999999,7.458897153306249,0.015247654914855958,0,23.4582,24.209290000000003,0.5378803704356561,9.866170001029968,0,26.822399999999995,37.30944999999999,7.850345490390851,0.5839753866195678,0,27.3617,41.64564,8.067233293292066,1.126773428916931,0
Trip 3,43.30790000000001,47.84937,4.074880526604431,0.014346957206726074,0,25.767800000000005,25.95595,0.10604195631918394,8.034544444084167,0,27.8537,32.381640000000004,3.835841160997155,0.6508921146392822,0,29.303400000000003,34.79299999999999,3.7745646233704866,1.2071281909942626,0
