Trip,SA_Best,SA_Avg,SA_Std,SA_Time(s),SA_Viol,ACO_Best,ACO_Avg,ACO_Std,ACO_Time(s),ACO_Viol,GA_Best,GA_Avg,GA_Std,GA_Time(s),GA_Viol,LBA_Best,LBA_Avg,LBA_Std,LBA_Time(s),LBA_Viol
Trip 1,90.36660000000002,90.36660000000002,0.0,0.011578083038330078,0,35.2553,35.2553,0.0,11.924085855484009,0,55.16230000000001,55.16230000000001,0.0,0.7375819683074951,0,43.734799999999986,43.734799999999986,0.0,1.1839144229888916,0
Trip 2,65.1087,65.1087,0.0,0.00913548469543457,0,31.212000000000003,31.212000000000003,0.0,13.145589590072632,0,50.02819999999999,50.02819999999999,0.0,0.3948047161102295,0,36.955,36.955,0.0,0.9304087162017822,0
Trip 3,42.7051,42.7051,0.0,0.0077784061431884766,0,33.3691,33.3691,0.0,7.9005491733551025,0,40.3014,40.3014,0.0,0.2846255302429199,0,39.151199999999996,39.151199999999996,0.0,2.4443271160125732,0
